,SENIN 24 AGUSTUS 2026,,RABU 26 AGUSTUS 2026,,KAMIS 27 AGUSTUS 2026,,JUMAT 28 AGUSTUS 2026,,SABTU 29 AGUSTUS 2026,,,
NAMA DOKTER,JADWAL,JAM KEDATANGAN,JADWAL,JAM KEDATANGAN,JADWAL,JAM KEDATANGAN,JADWAL,JAM KEDATANGAN,JADWAL,JAM KEDATANGAN,,
dr Irsalina,08.00,08.30,08.00,08.57,08.00,08.30,08.00,08.30,,,,
dr Dadang,07.30,07.20,,,07.30,07.26,,,07.30,07.30,,
dr.Rona,08.00,09.04,08.00,09.33,08.00,08.52,08.00,08.50,,,,
dr.Nungki,08.00,07.50,08.00,08.15,,,08.00,08.57,08.00,09.26,,
dr Danu,08.00,08.14,14.00,15.15,08.00,09.20,08.00,08.07,,,,
dr.Galih,08.00,09.00,08.00,09.15,08.00,08.30,13.00,14.20,,,,
dr.Rony,08.00,09.00,08.00,09.00,14.00,14.58,08.00,09.05,08.00,09.55,,
dr.Arta,08.00,09.16,08.00,09.11,08.00,09.10,,,07.30,09.29,,
dr.Beta,08.00,08.00,08.00,09.08,08.00,09.59,08.00,09.06,07.00,08.51,,
dr.Jefry,08.00,09.49,08.00,10.00,08.00,09.08,08.00,09.32,08.00,10.47,,
dr.Wimy,08.00,08.20,08.00,08.45,08.00,09.06,08.00,09.02,,,,
dr.wildan,08.00,08.30,08.00,09.16,11.00,11.12,08.00,09.15,08.00,09.23,,
dr Julyani,12.00,12.51,12.00,14.30,,,,,,,,
dr Wawan,14.30,13.38,14.30,14.20,,,,,,,,
dr Morte,14.00,14.00,14.00,14.10,,,14.00,14.34,07.30,09.14,,
dr.Arikhan,14.00,on call,,,,,08.00,tidak ada pasien,,,,
dr Andrif,,,08.00,08.45,08.30,08.30,08.00,09.46,,,,
dr.Antonius,,,08.00,08.30,08.30,08.30,08.00,08.47,08.00,08.30,,
dr.Thery,,,08.00,10.05,08.30,10.02,08.00,09.54,08.00,09.50,,
dr.Tiara,,,,,,,,,,,,
dr.Ricky,,,08.00,08.30,08.30,08.00,,,08.00,09.06,,
dr.Ganjar,,,08.30,08.45,08.30,08.30,,,,,,
dr Dandy,,,,,08.30,09.18,08.00,08.40,08.00,08.59,,
dr.Danu,,,,,08.00,09.20,08.00,08.07,,,,
dr.Resa,,,,,08.00,09.15,08.00,09.38,08.00,10.08,,
dr.Mutiah,,,,,09.00,09.10,09.00,09.10,,,,
dr.Faisal,,,,,,,14.30,15.54,,,,
dr.Soleh,,,16.00,16.00,,,12.30,14.12,08.00,08.37,,
dr.pramudyo,,,,,,,,,08.00,10.12,,
,,,,,,,,,,,,
,SENIN 31 AGUSTUS 2026,,SELASA 1 SEPTEMBER 2026,,RABU 2 SEPTEMBER 2026,,KAMIS 3 SEPTEMBER 2026,,JUMAT 4 SEPTEMBER 2026,,SABTU 5 SEPTEMBER 2026,
NAMA DOKTER,JADWAL,JAM KEDATANGAN,JADWAL,JAM KEDATANGAN,JADWAL,JAM KEDATANGAN,JADWAL,JAM KEDATANGAN,JADWAL,JAM KEDATANGAN,JADWAL,JAM KEDATANGAN
dr Irsalina,08.00,08.34,08.00,09.56,08.00,09.12,08.00,09.13,08.00,08.36,,
dr Dadang,07.30,07.46,07.30,08.24,,,07.30,08.36,07.30,09.42,07.30,
dr.Rona,08.00,08.55,14.00,14.41,08.00,10.13,08.00,10.13,08.00,09.55,,
dr.Nungki,11.00,11.11,08.00,16.00,08.00,08.25,,,08.00,08.26,08.00,08.18
dr Danu,08.00,08.31,14.00,08.06,tutup,,08.00,08.56,08.00,09.42,,
dr.Galih,08.00,09.30,08.00,09.22,08.00,09.17,08.00,09.16,13.00,,,
dr.Rony,08.00,09.01,08.00,14.19,08.00,08.32,14.00,14.13,08.00,09.09,08.00,10.01
dr.Arta,08.00,09.20,08.00,09.33,08.00,09.53,08.00,10.10,08.00,09.45,07.30,09.32
dr.Beta,08.00,09.30,08.00,09.53,08.00,08.51,08.00,09.09,08.00,08.54,07.00,08.48
dr.Jefry,08.00,09.55,08.00,09.53,08.00,10.11,08.00,09.36,08.00,09.52,TUTUP,
dr.Wimy,08.00,09.07,08.00,09.03,08.00,09.31,08.00,09.04,08.00,09.07,,
dr.wildan,08.00,09.07,08.00,09.29,08.00,10.15,08.00,11.18,08.00,09.50,08.00,09.57
dr Julyani,12.00,14.30,,,12.00,14.30,,,,,,
dr Wawan,14.30,14.14,,,14.30,14.38,,,13.00,14.19,,
dr Morte,14.00,14.40,08.00,08.38,14.00,14.12,,,14.00,14.19,07.30,08.19
dr.Arikhan,14.00,on call,,,,,,,08.00,10.32,TIDAK ADA PASIEN,
dr Andrif,08.00,09.30,08.00,08.54,08.30,09.36,08.00,10.05,08.00,09.23,,
dr.Antonius,08.00,09.00,08.00,08.44,08.30,09.01,08.00,09.03,08.00,08.43,08.00,08.39
dr.Thery,08.00,10.43,08.00,09.50,08.30,10.02,08.00,10.24,08.00,10.15,08.00,10.06
dr.Tiara,,,,,,,,,,,,
dr.Ricky,14.00,14.32,08.00,08.32,08.30,08.39,08.00,08.31,,,08.00,08.24
dr.Ganjar,,,tutup,,,,,,13.00,13.50,,
dr Dandy,tutup,,,,14.00,14.20,08.00,09.11,08.00,09.01,08.00,09.09
dr.Resa,08.00,09.21,08.00,09.57,08.00,09.35,08.00,09.41,08.00,09.10,08.00,09.36
dr.Mutiah,08.30,09.02,09.00,09.10,09.00,08.52,09.00,09.03,09.00,08.54,,
dr.Faisal,,,14.30,17.20,14.30,16.54,,,14.30,17.05,,
dr.Soleh,,,16.00,17.02,16.00,16.51,16.00,16.24,12.30,14.20,08.00,08.02
dr.pramudyo,,,,,,,,,,,08.00,09.24
dr.ida ayu,09.00,09.06,09.00,10.06,09.00,09.19,,,,,,
,,,,,,,,,,,,
,SENIN 7 SEPTEMBER 2026,,SELASA 8 SEPTEMBER 2026,,RABU 9 SEPTEMBER 2026,,KAMIS 10 SEPTEMBER 2026,,JUMAT 11  SEPTEMBER 2026,,SABTU 12 SEPTEMBER 2026,
NAMA DOKTER,JADWAL,JAM KEDATANGAN,JADWAL,JAM KEDATANGAN,JADWAL,JAM KEDATANGAN,JADWAL,JAM KEDATANGAN,JADWAL,JAM KEDATANGAN,JADWAL,JAM KEDATANGAN
dr Irsalina,08.00,08.48,08.00,08.53,08.00,08.44,08.00,09.05,08.00,09.16,,
dr Dadang,07.30,07.43,07.30,09.04,,,07.30,08.06,07.30,07.54,07.30,08.22
dr.Rona,08.00,08.57,14.00,,08.00,08.43,08.00,09.09,08.00,09.17,,
dr.Nungki,11.00,09.55,,,08.00,08.30,,,08.00,09.32,08.00,09.55
dr Danu,08.00,09.21,14.00,08.50,tutup,,08.00,08.34,08.00,09.26,,
dr.Galih,08.00,09.55,08.00,09.51,08.00,10.05,08.00,09.25,13.00,,,
dr.Rony,08.00,09.01,,,08.00,08.59,14.00,14.13,08.00,09.08,08.00,09.22
dr.Arta,08.00,09.20,08.00,09.25,08.00,09.38,08.00,09.41,08.00,09.49,07.30,09.41
dr.Beta,08.00,09.38,08.00,08.49,08.00,09.00,08.00,08.59,08.00,09.05,07.00,08.57
dr.Jefry,08.00,10.30,08.00,10.02,08.00,10.34,08.00,09.36,08.00,10.26,TUTUP,10.19
dr.Wimy,08.00,09.15,08.00,08.47,08.00,09.18,08.00,09.57,08.00,09.00,,
dr.wildan,08.00,09.45,08.00,09.31,08.00,10.01,08.00,11.06,08.00,09.57,08.00,09.36
dr Julyani,12.00,14.30,,09.03,12.00,14.32,,,,,,
dr Wawan,14.30,14.26,,,tutup,,,,13.00,,,
dr Morte,14.00,14.07,08.00,08.18,14.00,14.24,,,,,07.30,08.02
dr.Arikhan,14.00,15.04,,,,,,,08.00,09.50,13.00,13.10
dr Andrif,08.00,09.25,08.00,09.48,08.30,09.06,08.00,08.04,08.00,10.00,,
dr.Antonius,08.00,08.47,08.00,08.43,08.30,09.15,08.00,08.59,08.00,09.09,08.00,09.01
dr.Thery,08.00,10.08,08.00,09.52,08.30,09.59,08.00,09.56,08.00,09.44,08.00,10.15
dr.Tiara,,,,,,,,,,,,
dr.Ricky,14.00,14.12,08.00,08.43,08.30,08.41,08.00,09.01,,,08.00,09.30
dr.Ganjar,,,tutup,,,,08.00,08.16,13.00,,,
dr Dandy,tutup,,,,14.00,14.12,08.00,09.19,08.00,08.57,08.00,08.52
dr.Resa,08.00,10.02,08.00,10.00,08.00,10.24,08.00,09.37,08.00,09.27,08.00,09.02
dr.Mutiah,08.30,09.17,09.00,09.07,09.00,09.07,09.00,08.59,09.00,08.59,,
dr.Faisal,,,14.30,,14.30,15.05,,,14.30,,,
dr.Soleh,,,16.00,,16.00,16.44,16.00,16.21,12.30,,08.00,09.04
dr.pramudyo,,,,,,,,,,,08.00,10.08
dr.ida ayu,09.00,09.00,09.00,09.52,09.00,08.55,,,,,,
,,,,,,,,,,,,
,SENIN 14 SEPTEMBER 2026,,SELASA 15 SEPTEMBER 2026,,RABU 16 SEPTEMBER 2026,,KAMIS 17 SEPTEMBER 2026,,JUMAT 18 SEPTEMBER 2026,,SABTU 19 SEPTEMBER 2026,
NAMA DOKTER,JADWAL,JAM KEDATANGAN,JADWAL,JAM KEDATANGAN,JADWAL,JAM KEDATANGAN,JADWAL,JAM KEDATANGAN,JADWAL,JAM KEDATANGAN,JADWAL,JAM KEDATANGAN
dr Irsalina,08.00,08.46,08.00,09.09,08.00,09.04,08.00,09.18,08.00,09.13,,
dr Dadang,07.30,08.10,07.30,08.44,,,07.30,08.16,07.30,07.58,07.30,07.54
dr.Rona,08.00,08.31,14.00,14.10,08.00,09.12,08.00,08.35,08.00,10.49,,
dr.Nungki,11.00,08.49,,,08.00,09.02,,,08.00,08.06,08.00,08.59
dr Danu,08.00,09.44,09.00,08.10,tutup,,08.00,08.18,08.00,08.13,,
dr.Galih,08.00,09.30,08.00,09.26,08.00,09.42,08.00,09.46,13.00,1359,,
dr.Rony,08.00,08.40,,,08.00,08.48,14.00,14.22,08.00,08.50,08.00,08.58
dr.Arta,08.00,09.46,08.00,09.39,08.00,09.44,08.00,09.30,08.00,tutup,07.30,09.43
dr.Beta,08.00,09.50,08.00,09.03,08.00,08.50,08.00,09.17,08.00,08.52,07.00,08.57
dr.Jefry,08.00,10.06,08.00,10.17,08.00,09.43,08.00,09.39,08.00,10.27,08.00,08.15
dr.Wimy,08.00,09.10,08.00,09.57,08.00,09.48,08.00,09.30,08.00,09.14,,
dr.wildan,08.00,09.55,08.00,09.39,08.00,09.19,08.00,11.09,08.00,10.12,08.00,09.55
dr Julyani,12.00,14.30,,,12.00,14.34,,,,,,
dr Wawan,14.30,14.40,,,tutup,,,,13.00,15.02,,
dr Morte,14.00,14.10,08.00,08.50,14.00,14.14,,,,,07.30,08.01
dr.Arikhan,14.00,14.39,,,,,,,08.00,10.06,13.00,13.16
dr Andrif,08.00,09.17,08.00,08.41,08.30,09.16,08.00,10.13,08.00,08.45,,
dr.Antonius,08.00,09.08,08.00,09.05,08.30,09.02,08.00,08.45,08.00,08.42,08.00,08.41
dr.Thery,08.00,10.01,08.00,10.08,08.30,09.46,08.00,10.23,08.00,10.23,08.00,10.15
dr.Tiara,,,,,,,,,,,,
dr.Ricky,14.00,12.40,08.00,08.34,08.30,09.09,08.00,09.11,,,08.00,08.55
dr.Ganjar,,,08.00,08.32,,,08.00,08.45,13.00,13.15,,
dr Dandy,tutup,,,,14.00,tutup,08.00,09.09,08.00,08.42,08.00,09.13
dr.Resa,08.00,09.50,08.00,09.39,08.00,09.48,08.00,09.38,08.00,09.49,08.00,09.49
dr.Mutiah,tutup,,09.00,tutup,09.00,tutup,09.00,tutup,09.00,tutup,,
dr.Faisal,,,14.30,15.56,14.30,17.08,,,14.30,tidak datang,,
dr.Soleh,,,16.00,16.20,16.00,16.19,16.00,16.02,12.30,14.17,08.00,08.21
dr.pramudyo,,,,,,,,,,,08.00,09.57
dr.ida ayu,tutup,,09.00,08.40,09.00,10.35,,,,,,
,,,,,,,,,,,,
,SENIN 21 SEPTEMBER 2026,,SELASA 22 SEPTEMBER 2026,,RABU 23 SEPTEMBER 2026,,KAMIS 24 SEPTEMBER 2026,,JUMAT 25 SEPTEMBER 2026,,SABTU 26 SEPTEMBER 2026,
NAMA DOKTER,JADWAL,JAM KEDATANGAN,JADWAL,JAM KEDATANGAN,JADWAL,JAM KEDATANGAN,JADWAL,JAM KEDATANGAN,JADWAL,JAM KEDATANGAN,JADWAL,JAM KEDATANGAN
dr Irsalina,08.00,08.19,08.00,08.41,08.00,08.43,08.00,08.12,08.00,08.53,,
dr Dadang,07.30,07.57,07.30,08.46,,,07.30,08.17,07.30,08.01,07.30,08.24
dr.Rona,08.00,09.00,14.00,14.12,08.00,09.21,08.00,09.21,08.00,09.49,,
dr.Nungki,11.00,09.26,14.00,14.15,08.00,08.24,,,08.00,08.12,08.00,09.48
dr Danu,08.00,09.42,09.00,09.25,tutup,,08.00,08.42,08.00,08.36,,
dr.Galih,08.00,09.22,08.00,09.26,13.00,14.16,08.00,09.18,13.00,14.35,,
dr.Rony,08.00,08.52,,,08.00,08.50,14.00,15.06,08.00,08.56,08.00,09.07
dr.Arta,08.00,09.27,08.00,09.47,08.00,09.54,08.00,09.30,08.00,09.55,07.30,09.27
dr.Beta,08.00,08.57,08.00,09.05,08.00,08.54,08.00,08.52,08.00,09.01,07.00,09.21
dr.Jefry,08.00,10.05,08.00,09.39,08.00,10.07,08.00,09.55,08.00,09.46,08.00,10.17
dr.Wimy,08.00,09.12,08.00,11.08,08.00,09.13,08.00,08.57,08.00,09.23,,
dr.wildan,08.00,09.35,08.00,09.53,08.00,09.33,08.00,11.27,08.00,09.29,08.00,09.29
dr Julyani,12.00,14.30,,,12.00,tutup,,,,,,
dr Wawan,14.30,14.10,,,tutup,,,,13.00,14.15,,
dr Morte,14.00,14.00,08.00,08.32,14.00,14.09,,,,,07.30,08.50
dr.Arikhan,14.00,16.16,,,,,,,08.00,10.26,13.00,14.56
dr Andrif,08.00,tutup,08.00,09.21,08.30,09.29,08.00,10.00,08.00,09.39,,
dr.Antonius,08.00,09.02,08.00,09.01,08.30,08.47,08.00,09.27,08.00,08.50,08.00,09.01
dr.Thery,08.00,09.45,08.00,09.18,08.30,09.56,08.00,09.43,08.00,tidak ada pasien,08.00,09.53
dr.Tiara,,,,,,,,,,,,
dr.Ricky,14.00,14.09,08.00,08.39,08.30,08.38,08.00,09.01,,,08.00,09.52
dr.Ganjar,,,08.00,08.23,,,08.00,08.30,13.00,13.25,,
dr Dandy,14.00,tutup,,,14.00,14.27,08.00,09.03,08.00,09.09,08.00,09.15
dr.Resa,08.00,09.27,08.00,09.01,08.00,09.32,08.00,tutup,08.00,10.30,08.00,09.26
dr.Mutiah,tutup,,,,09.00,tutup,09.00,tutup,,,,
dr.Faisal,,,14.30,17.04,14.30,15.22,,,14.30,14.42,,
dr.Soleh,,,16.00,16.07,16.00,16.24,16.00,16.15,12.30,14.51,08.00,08.40
dr.pramudyo,,,,,,,,,,,08.00,09.37
dr.ida ayu,09.00,09.00,09.00,09.05,09.00,08.48,09.00,09.06,,,,
,,,,,,,,,,,,
,SENIN 28 SEPTEMBER 2026,,SELASA 29 SEPTEMBER 2026,,RABU 30 SEPTEMBER 2026,,KAMIS 29 SEPTEMBER 2026,,JUMAT 30 SEPTEMBER 2026,,SABTU 1 OKTOBER 2026,
NAMA DOKTER,JADWAL,JAM KEDATANGAN,JADWAL,JAM KEDATANGAN,JADWAL,JAM KEDATANGAN,JADWAL,JAM KEDATANGAN,JADWAL,JAM KEDATANGAN,JADWAL,JAM KEDATANGAN
dr Irsalina,08.00,08.50,08.00,09.07,08.00,08.49,08.00,,08.00,,,
dr Dadang,07.30,08.34,07.30,07.58,,,07.30,,07.30,,07.30,
dr.Rona,08.00,09.03,14.00,14.24,08.00,09.06,08.00,,08.00,,,
dr.Nungki,11.00,08.12,14.00,14.27,08.00,08.29,,,08.00,,08.00,
dr Danu,08.00,08.33,09.00,10.17,tutup,,08.00,,08.00,,,
dr.Galih,08.00,09.20,08.00,09.04,13.00,,08.00,,13.00,,,
dr.Rony,08.00,08.50,,,08.00,08.46,14.00,,08.00,,08.00,
dr.Arta,08.00,08.56,08.00,09.23,08.00,09.39,08.00,,08.00,,07.30,
dr.Beta,08.00,08.49,08.00,09.21,08.00,09.03,08.00,,08.00,,07.00,
dr.Jefry,08.00,10.23,08.00,09.46,08.00,10.32,08.00,,08.00,,08.00,
dr.Wimy,08.00,09.16,08.00,10.38,08.00,09.14,08.00,,08.00,,,
dr.wildan,08.00,09.28,08.00,09.55,08.00,09.54,08.00,,08.00,,08.00,
dr Julyani,12.00,14.32,,,12.00,,,,,,,
dr Wawan,14.30,14.16,,,tutup,,,,13.00,,,
dr Morte,14.00,14.12,08.00,08.26,14.00,,,,,,07.30,
dr.Arikhan,14.00,14.55,,,,,,,08.00,,13.00,
dr Andrif,08.00,08.24,08.00,09.41,08.30,09.17,08.00,,08.00,,,
dr.Antonius,08.00,08.56,08.00,08.48,08.30,08.44,08.00,,08.00,,08.00,
dr.Thery,08.00,09.50,08.00,09.45,08.30,09.45,08.00,,08.00,,08.00,
dr.Tiara,,,,,,,,,,,,
dr.Ricky,14.00,14.12,08.00,09.18,08.30,08.39,08.00,,,,08.00,
dr.Ganjar,,,08.00,08.29,,,08.00,,13.00,,,
dr Dandy,14.00,14.30,,,14.00,,08.00,,08.00,,08.00,
dr.Resa,08.00,09.35,08.00,09.20,08.00,09.21,08.00,,08.00,,08.00,
dr.Mutiah,tutup,,08.00,09.12,09.00,09.09,09.00,,,,,
dr.Faisal,,,14.30,17.02,14.30,,,,14.30,,,
dr.Soleh,,,16.00,,16.00,,16.00,,12.30,,08.00,
dr.pramudyo,,,,,,,,,,,08.00,
dr.ida ayu,09.00,09.00,09.00,,09.00,09.29,09.00,,,,,
,,,,,,,,,,,,
,,,,,,,,,,,,
,,,,,,,,,,,,
,,,,,,,,,,,,
,,,,,,,,,,,,
,,,,,,,,,,,,
,,,,,,,,,,,,
,,,,,,,,,,,,
,,,,,,,,,,,,
,,,,,,,,,,,,
,,,,,,,,,,,,
,,,,,,,,,,,,
,,,,,,,,,,,,
,,,,,,,,,,,,
,,,,,,,,,,,,
,,,,,,,,,,,,
,,,,,,,,,,,,
,,,,,,,,,,,,
,,,,,,,,,,,,
,,,,,,,,,,,,
,,,,,,,,,,,,
,,,,,,,,,,,,
,,,,,,,,,,,,
,,,,,,,,,,,,
,,,,,,,,,,,,
,,,,,,,,,,,,
,,,,,,,,,,,,
,,,,,,,,,,,,
,,,,,,,,,,,,
,,,,,,,,,,,,
,,,,,,,,,,,,
,,,,,,,,,,,,
,,,,,,,,,,,,
,,,,,,,,,,,,
,,,,,,,,,,,,
,,,,,,,,,,,,
,,,,,,,,,,,,
,,,,,,,,,,,,
,,,,,,,,,,,,
,,,,,,,,,,,,
,,,,,,,,,,,,
,,,,,,,,,,,,
,,,,,,,,,,,,
,,,,,,,,,,,,
,,,,,,,,,,,,
,,,,,,,,,,,,
,,,,,,,,,,,,
,,,,,,,,,,,,
,,,,,,,,,,,,
,,,,,,,,,,,,
,,,,,,,,,,,,
,,,,,,,,,,,,
,,,,,,,,,,,,
,,,,,,,,,,,,
,,,,,,,,,,,,
,,,,,,,,,,,,
,,,,,,,,,,,,
,,,,,,,,,,,,
,,,,,,,,,,,,
,,,,,,,,,,,,
,,,,,,,,,,,,
,,,,,,,,,,,,
,,,,,,,,,,,,
,,,,,,,,,,,,
,,,,,,,,,,,,
,,,,,,,,,,,,
,,,,,,,,,,,,
,,,,,,,,,,,,
,,,,,,,,,,,,
,,,,,,,,,,,,
,,,,,,,,,,,,
,,,,,,,,,,,,
,,,,,,,,,,,,
,,,,,,,,,,,,
,,,,,,,,,,,,
,,,,,,,,,,,,
,,,,,,,,,,,,
,,,,,,,,,,,,
,,,,,,,,,,,,
,,,,,,,,,,,,
,,,,,,,,,,,,
,,,,,,,,,,,,
,,,,,,,,,,,,
,,,,,,,,,,,,
,,,,,,,,,,,,
,,,,,,,,,,,,
,,,,,,,,,,,,
,,,,,,,,,,,,
,,,,,,,,,,,,
,,,,,,,,,,,,
,,,,,,,,,,,,
,,,,,,,,,,,,
,,,,,,,,,,,,
,,,,,,,,,,,,
,,,,,,,,,,,,
,,,,,,,,,,,,
,,,,,,,,,,,,
,,,,,,,,,,,,
,,,,,,,,,,,,
,,,,,,,,,,,,
,,,,,,,,,,,,
,,,,,,,,,,,,
,,,,,,,,,,,,
,,,,,,,,,,,,
,,,,,,,,,,,,
,,,,,,,,,,,,
,,,,,,,,,,,,
,,,,,,,,,,,,
,,,,,,,,,,,,
,,,,,,,,,,,,
,,,,,,,,,,,,
,,,,,,,,,,,,
,,,,,,,,,,,,
,,,,,,,,,,,,
,,,,,,,,,,,,
,,,,,,,,,,,,
,,,,,,,,,,,,
,,,,,,,,,,,,
,,,,,,,,,,,,
,,,,,,,,,,,,
,,,,,,,,,,,,
,,,,,,,,,,,,
,,,,,,,,,,,,
,,,,,,,,,,,,
,,,,,,,,,,,,
,,,,,,,,,,,,
,,,,,,,,,,,,
,,,,,,,,,,,,
,,,,,,,,,,,,
,,,,,,,,,,,,
,,,,,,,,,,,,
,,,,,,,,,,,,
,,,,,,,,,,,,
,,,,,,,,,,,,
,,,,,,,,,,,,
,,,,,,,,,,,,
,,,,,,,,,,,,
,,,,,,,,,,,,
,,,,,,,,,,,,
,,,,,,,,,,,,
,,,,,,,,,,,,
,,,,,,,,,,,,
,,,,,,,,,,,,
,,,,,,,,,,,,
,,,,,,,,,,,,
,,,,,,,,,,,,
,,,,,,,,,,,,
,,,,,,,,,,,,
,,,,,,,,,,,,
,,,,,,,,,,,,
,,,,,,,,,,,,
,,,,,,,,,,,,
,,,,,,,,,,,,
,,,,,,,,,,,,
,,,,,,,,,,,,
,,,,,,,,,,,,
,,,,,,,,,,,,
,,,,,,,,,,,,
,,,,,,,,,,,,
,,,,,,,,,,,,
,,,,,,,,,,,,
,,,,,,,,,,,,
,,,,,,,,,,,,
,,,,,,,,,,,,
,,,,,,,,,,,,
,,,,,,,,,,,,
,,,,,,,,,,,,
,,,,,,,,,,,,
,,,,,,,,,,,,
,,,,,,,,,,,,
,,,,,,,,,,,,
,,,,,,,,,,,,
,,,,,,,,,,,,
,,,,,,,,,,,,
,,,,,,,,,,,,
,,,,,,,,,,,,
,,,,,,,,,,,,
,,,,,,,,,,,,
,,,,,,,,,,,,
,,,,,,,,,,,,
,,,,,,,,,,,,
,,,,,,,,,,,,
,,,,,,,,,,,,
,,,,,,,,,,,,
,,,,,,,,,,,,
,,,,,,,,,,,,
,,,,,,,,,,,,
,,,,,,,,,,,,
,,,,,,,,,,,,
,,,,,,,,,,,,
,,,,,,,,,,,,
,,,,,,,,,,,,
,,,,,,,,,,,,
,,,,,,,,,,,,
,,,,,,,,,,,,
,,,,,,,,,,,,
,,,,,,,,,,,,
,,,,,,,,,,,,
,,,,,,,,,,,,
,,,,,,,,,,,,
,,,,,,,,,,,,
,,,,,,,,,,,,
,,,,,,,,,,,,
,,,,,,,,,,,,
,,,,,,,,,,,,
,,,,,,,,,,,,
,,,,,,,,,,,,
,,,,,,,,,,,,
,,,,,,,,,,,,
,,,,,,,,,,,,
,,,,,,,,,,,,
,,,,,,,,,,,,
,,,,,,,,,,,,
,,,,,,,,,,,,
,,,,,,,,,,,,
,,,,,,,,,,,,
,,,,,,,,,,,,
,,,,,,,,,,,,
,,,,,,,,,,,,
,,,,,,,,,,,,
,,,,,,,,,,,,
,,,,,,,,,,,,
,,,,,,,,,,,,
,,,,,,,,,,,,
,,,,,,,,,,,,
,,,,,,,,,,,,
,,,,,,,,,,,,
,,,,,,,,,,,,
,,,,,,,,,,,,
,,,,,,,,,,,,
,,,,,,,,,,,,
,,,,,,,,,,,,
,,,,,,,,,,,,
,,,,,,,,,,,,
,,,,,,,,,,,,
,,,,,,,,,,,,
,,,,,,,,,,,,
,,,,,,,,,,,,
,,,,,,,,,,,,
,,,,,,,,,,,,
,,,,,,,,,,,,
,,,,,,,,,,,,
,,,,,,,,,,,,
,,,,,,,,,,,,
,,,,,,,,,,,,
,,,,,,,,,,,,
,,,,,,,,,,,,
,,,,,,,,,,,,
,,,,,,,,,,,,
,,,,,,,,,,,,
,,,,,,,,,,,,
,,,,,,,,,,,,
,,,,,,,,,,,,
,,,,,,,,,,,,
,,,,,,,,,,,,
,,,,,,,,,,,,
,,,,,,,,,,,,
,,,,,,,,,,,,
,,,,,,,,,,,,
,,,,,,,,,,,,
,,,,,,,,,,,,
,,,,,,,,,,,,
,,,,,,,,,,,,
,,,,,,,,,,,,
,,,,,,,,,,,,
,,,,,,,,,,,,
,,,,,,,,,,,,
,,,,,,,,,,,,
,,,,,,,,,,,,
,,,,,,,,,,,,
,,,,,,,,,,,,
,,,,,,,,,,,,
,,,,,,,,,,,,
,,,,,,,,,,,,
,,,,,,,,,,,,
,,,,,,,,,,,,
,,,,,,,,,,,,
,,,,,,,,,,,,
,,,,,,,,,,,,
,,,,,,,,,,,,
,,,,,,,,,,,,
,,,,,,,,,,,,
,,,,,,,,,,,,
,,,,,,,,,,,,
,,,,,,,,,,,,
,,,,,,,,,,,,
,,,,,,,,,,,,
,,,,,,,,,,,,
,,,,,,,,,,,,
,,,,,,,,,,,,
,,,,,,,,,,,,
,,,,,,,,,,,,
,,,,,,,,,,,,
,,,,,,,,,,,,
,,,,,,,,,,,,
,,,,,,,,,,,,
,,,,,,,,,,,,
,,,,,,,,,,,,
,,,,,,,,,,,,
,,,,,,,,,,,,
,,,,,,,,,,,,
,,,,,,,,,,,,
,,,,,,,,,,,,
,,,,,,,,,,,,
,,,,,,,,,,,,
,,,,,,,,,,,,
,,,,,,,,,,,,
,,,,,,,,,,,,
,,,,,,,,,,,,
,,,,,,,,,,,,
,,,,,,,,,,,,
,,,,,,,,,,,,
,,,,,,,,,,,,
,,,,,,,,,,,,
,,,,,,,,,,,,
,,,,,,,,,,,,
,,,,,,,,,,,,
,,,,,,,,,,,,
,,,,,,,,,,,,
,,,,,,,,,,,,
,,,,,,,,,,,,
,,,,,,,,,,,,
,,,,,,,,,,,,
,,,,,,,,,,,,
,,,,,,,,,,,,
,,,,,,,,,,,,
,,,,,,,,,,,,
,,,,,,,,,,,,
,,,,,,,,,,,,
,,,,,,,,,,,,
,,,,,,,,,,,,
,,,,,,,,,,,,
,,,,,,,,,,,,
,,,,,,,,,,,,
,,,,,,,,,,,,
,,,,,,,,,,,,
,,,,,,,,,,,,
,,,,,,,,,,,,
,,,,,,,,,,,,
,,,,,,,,,,,,
,,,,,,,,,,,,
,,,,,,,,,,,,
,,,,,,,,,,,,
,,,,,,,,,,,,
,,,,,,,,,,,,
,,,,,,,,,,,,
,,,,,,,,,,,,
,,,,,,,,,,,,
,,,,,,,,,,,,
,,,,,,,,,,,,
,,,,,,,,,,,,
,,,,,,,,,,,,
,,,,,,,,,,,,
,,,,,,,,,,,,
,,,,,,,,,,,,
,,,,,,,,,,,,
,,,,,,,,,,,,
,,,,,,,,,,,,
,,,,,,,,,,,,
,,,,,,,,,,,,
,,,,,,,,,,,,
,,,,,,,,,,,,
,,,,,,,,,,,,
,,,,,,,,,,,,
,,,,,,,,,,,,
,,,,,,,,,,,,
,,,,,,,,,,,,
,,,,,,,,,,,,
,,,,,,,,,,,,
,,,,,,,,,,,,
,,,,,,,,,,,,
,,,,,,,,,,,,
,,,,,,,,,,,,
,,,,,,,,,,,,
,,,,,,,,,,,,
,,,,,,,,,,,,
,,,,,,,,,,,,
,,,,,,,,,,,,
,,,,,,,,,,,,
,,,,,,,,,,,,
,,,,,,,,,,,,
,,,,,,,,,,,,
,,,,,,,,,,,,
,,,,,,,,,,,,
,,,,,,,,,,,,
,,,,,,,,,,,,
,,,,,,,,,,,,
,,,,,,,,,,,,
,,,,,,,,,,,,
,,,,,,,,,,,,
,,,,,,,,,,,,
,,,,,,,,,,,,
,,,,,,,,,,,,
,,,,,,,,,,,,
,,,,,,,,,,,,
,,,,,,,,,,,,
,,,,,,,,,,,,
,,,,,,,,,,,,
,,,,,,,,,,,,
,,,,,,,,,,,,
,,,,,,,,,,,,
,,,,,,,,,,,,
,,,,,,,,,,,,
,,,,,,,,,,,,
,,,,,,,,,,,,
,,,,,,,,,,,,
,,,,,,,,,,,,
,,,,,,,,,,,,
,,,,,,,,,,,,
,,,,,,,,,,,,
,,,,,,,,,,,,
,,,,,,,,,,,,
,,,,,,,,,,,,
,,,,,,,,,,,,
,,,,,,,,,,,,
,,,,,,,,,,,,
,,,,,,,,,,,,
,,,,,,,,,,,,
,,,,,,,,,,,,
,,,,,,,,,,,,
,,,,,,,,,,,,
,,,,,,,,,,,,
,,,,,,,,,,,,
,,,,,,,,,,,,
,,,,,,,,,,,,
,,,,,,,,,,,,
,,,,,,,,,,,,
,,,,,,,,,,,,
,,,,,,,,,,,,
,,,,,,,,,,,,
,,,,,,,,,,,,
,,,,,,,,,,,,
,,,,,,,,,,,,
,,,,,,,,,,,,
,,,,,,,,,,,,
,,,,,,,,,,,,
,,,,,,,,,,,,
,,,,,,,,,,,,
,,,,,,,,,,,,
,,,,,,,,,,,,
,,,,,,,,,,,,
,,,,,,,,,,,,
,,,,,,,,,,,,
,,,,,,,,,,,,
,,,,,,,,,,,,
,,,,,,,,,,,,
,,,,,,,,,,,,
,,,,,,,,,,,,
,,,,,,,,,,,,
,,,,,,,,,,,,
,,,,,,,,,,,,
,,,,,,,,,,,,
,,,,,,,,,,,,
,,,,,,,,,,,,
,,,,,,,,,,,,
,,,,,,,,,,,,
,,,,,,,,,,,,
,,,,,,,,,,,,
,,,,,,,,,,,,
,,,,,,,,,,,,
,,,,,,,,,,,,
,,,,,,,,,,,,
,,,,,,,,,,,,
,,,,,,,,,,,,
,,,,,,,,,,,,
,,,,,,,,,,,,
,,,,,,,,,,,,
,,,,,,,,,,,,
,,,,,,,,,,,,
,,,,,,,,,,,,
,,,,,,,,,,,,
,,,,,,,,,,,,
,,,,,,,,,,,,
,,,,,,,,,,,,
,,,,,,,,,,,,
,,,,,,,,,,,,
,,,,,,,,,,,,
,,,,,,,,,,,,
,,,,,,,,,,,,
,,,,,,,,,,,,
,,,,,,,,,,,,
,,,,,,,,,,,,
,,,,,,,,,,,,
,,,,,,,,,,,,
,,,,,,,,,,,,
,,,,,,,,,,,,
,,,,,,,,,,,,
,,,,,,,,,,,,
,,,,,,,,,,,,
,,,,,,,,,,,,
,,,,,,,,,,,,
,,,,,,,,,,,,
,,,,,,,,,,,,
,,,,,,,,,,,,
,,,,,,,,,,,,
,,,,,,,,,,,,
,,,,,,,,,,,,
,,,,,,,,,,,,
,,,,,,,,,,,,
,,,,,,,,,,,,
,,,,,,,,,,,,
,,,,,,,,,,,,
,,,,,,,,,,,,
,,,,,,,,,,,,
,,,,,,,,,,,,
,,,,,,,,,,,,
,,,,,,,,,,,,
,,,,,,,,,,,,
,,,,,,,,,,,,
,,,,,,,,,,,,
,,,,,,,,,,,,
,,,,,,,,,,,,
,,,,,,,,,,,,
,,,,,,,,,,,,
,,,,,,,,,,,,
,,,,,,,,,,,,
,,,,,,,,,,,,
,,,,,,,,,,,,
,,,,,,,,,,,,
,,,,,,,,,,,,
,,,,,,,,,,,,
,,,,,,,,,,,,
,,,,,,,,,,,,
,,,,,,,,,,,,
,,,,,,,,,,,,
,,,,,,,,,,,,
,,,,,,,,,,,,
,,,,,,,,,,,,
,,,,,,,,,,,,
,,,,,,,,,,,,
,,,,,,,,,,,,
,,,,,,,,,,,,
,,,,,,,,,,,,
,,,,,,,,,,,,
,,,,,,,,,,,,
,,,,,,,,,,,,
,,,,,,,,,,,,
,,,,,,,,,,,,
,,,,,,,,,,,,
,,,,,,,,,,,,
,,,,,,,,,,,,
,,,,,,,,,,,,
,,,,,,,,,,,,
,,,,,,,,,,,,
,,,,,,,,,,,,
,,,,,,,,,,,,
,,,,,,,,,,,,
,,,,,,,,,,,,
,,,,,,,,,,,,
,,,,,,,,,,,,
,,,,,,,,,,,,
,,,,,,,,,,,,
,,,,,,,,,,,,
,,,,,,,,,,,,
,,,,,,,,,,,,
,,,,,,,,,,,,
,,,,,,,,,,,,
,,,,,,,,,,,,
,,,,,,,,,,,,
,,,,,,,,,,,,
,,,,,,,,,,,,
,,,,,,,,,,,,
,,,,,,,,,,,,
,,,,,,,,,,,,
,,,,,,,,,,,,
,,,,,,,,,,,,
,,,,,,,,,,,,
,,,,,,,,,,,,
,,,,,,,,,,,,
,,,,,,,,,,,,
,,,,,,,,,,,,
,,,,,,,,,,,,
,,,,,,,,,,,,
,,,,,,,,,,,,
,,,,,,,,,,,,
,,,,,,,,,,,,
,,,,,,,,,,,,
,,,,,,,,,,,,
,,,,,,,,,,,,
,,,,,,,,,,,,
,,,,,,,,,,,,
,,,,,,,,,,,,
,,,,,,,,,,,,
,,,,,,,,,,,,
,,,,,,,,,,,,
,,,,,,,,,,,,
,,,,,,,,,,,,
,,,,,,,,,,,,
,,,,,,,,,,,,
,,,,,,,,,,,,
,,,,,,,,,,,,
,,,,,,,,,,,,
,,,,,,,,,,,,
,,,,,,,,,,,,
,,,,,,,,,,,,
,,,,,,,,,,,,
,,,,,,,,,,,,
,,,,,,,,,,,,
,,,,,,,,,,,,
,,,,,,,,,,,,
,,,,,,,,,,,,
,,,,,,,,,,,,
,,,,,,,,,,,,
,,,,,,,,,,,,
,,,,,,,,,,,,
,,,,,,,,,,,,
,,,,,,,,,,,,
,,,,,,,,,,,,
,,,,,,,,,,,,
,,,,,,,,,,,,
,,,,,,,,,,,,
,,,,,,,,,,,,
,,,,,,,,,,,,
,,,,,,,,,,,,
,,,,,,,,,,,,
,,,,,,,,,,,,
,,,,,,,,,,,,
,,,,,,,,,,,,
,,,,,,,,,,,,
,,,,,,,,,,,,
,,,,,,,,,,,,
,,,,,,,,,,,,
,,,,,,,,,,,,
,,,,,,,,,,,,
,,,,,,,,,,,,
,,,,,,,,,,,,
,,,,,,,,,,,,
,,,,,,,,,,,,
,,,,,,,,,,,,
,,,,,,,,,,,,
,,,,,,,,,,,,
,,,,,,,,,,,,
,,,,,,,,,,,,
,,,,,,,,,,,,
,,,,,,,,,,,,
,,,,,,,,,,,,
,,,,,,,,,,,,
,,,,,,,,,,,,
,,,,,,,,,,,,
,,,,,,,,,,,,
,,,,,,,,,,,,
,,,,,,,,,,,,
,,,,,,,,,,,,
,,,,,,,,,,,,
,,,,,,,,,,,,
,,,,,,,,,,,,
,,,,,,,,,,,,
,,,,,,,,,,,,
,,,,,,,,,,,,
,,,,,,,,,,,,
,,,,,,,,,,,,
,,,,,,,,,,,,
,,,,,,,,,,,,
,,,,,,,,,,,,
,,,,,,,,,,,,
,,,,,,,,,,,,
,,,,,,,,,,,,
,,,,,,,,,,,,
,,,,,,,,,,,,
,,,,,,,,,,,,
,,,,,,,,,,,,
,,,,,,,,,,,,
,,,,,,,,,,,,
,,,,,,,,,,,,
,,,,,,,,,,,,
,,,,,,,,,,,,
,,,,,,,,,,,,
,,,,,,,,,,,,
,,,,,,,,,,,,
,,,,,,,,,,,,
,,,,,,,,,,,,
,,,,,,,,,,,,
,,,,,,,,,,,,
,,,,,,,,,,,,
,,,,,,,,,,,,
,,,,,,,,,,,,
,,,,,,,,,,,,
,,,,,,,,,,,,
,,,,,,,,,,,,
,,,,,,,,,,,,
,,,,,,,,,,,,
,,,,,,,,,,,,
,,,,,,,,,,,,
,,,,,,,,,,,,
,,,,,,,,,,,,
,,,,,,,,,,,,
,,,,,,,,,,,,
,,,,,,,,,,,,
,,,,,,,,,,,,
,,,,,,,,,,,,
,,,,,,,,,,,,
,,,,,,,,,,,,
,,,,,,,,,,,,
,,,,,,,,,,,,
,,,,,,,,,,,,
,,,,,,,,,,,,
,,,,,,,,,,,,
,,,,,,,,,,,,
,,,,,,,,,,,,
,,,,,,,,,,,,
,,,,,,,,,,,,
,,,,,,,,,,,,
,,,,,,,,,,,,
,,,,,,,,,,,,
,,,,,,,,,,,,
,,,,,,,,,,,,
,,,,,,,,,,,,
,,,,,,,,,,,,
,,,,,,,,,,,,
,,,,,,,,,,,,
,,,,,,,,,,,,
,,,,,,,,,,,,
,,,,,,,,,,,,
,,,,,,,,,,,,
,,,,,,,,,,,,
,,,,,,,,,,,,
,,,,,,,,,,,,
,,,,,,,,,,,,
,,,,,,,,,,,,
,,,,,,,,,,,,
,,,,,,,,,,,,
,,,,,,,,,,,,
,,,,,,,,,,,,
,,,,,,,,,,,,
,,,,,,,,,,,,
,,,,,,,,,,,,
,,,,,,,,,,,,
,,,,,,,,,,,,
,,,,,,,,,,,,
,,,,,,,,,,,,
,,,,,,,,,,,,
,,,,,,,,,,,,
,,,,,,,,,,,,
,,,,,,,,,,,,
,,,,,,,,,,,,
,,,,,,,,,,,,
,,,,,,,,,,,,
,,,,,,,,,,,,
,,,,,,,,,,,,
,,,,,,,,,,,,
,,,,,,,,,,,,
,,,,,,,,,,,,
,,,,,,,,,,,,
,,,,,,,,,,,,
,,,,,,,,,,,,
,,,,,,,,,,,,
,,,,,,,,,,,,
,,,,,,,,,,,,
,,,,,,,,,,,,
,,,,,,,,,,,,
,,,,,,,,,,,,
,,,,,,,,,,,,
,,,,,,,,,,,,
,,,,,,,,,,,,
,,,,,,,,,,,,
,,,,,,,,,,,,
,,,,,,,,,,,,
,,,,,,,,,,,,
,,,,,,,,,,,,
,,,,,,,,,,,,
,,,,,,,,,,,,
,,,,,,,,,,,,
,,,,,,,,,,,,
,,,,,,,,,,,,
,,,,,,,,,,,,
,,,,,,,,,,,,
,,,,,,,,,,,,
,,,,,,,,,,,,
,,,,,,,,,,,,
,,,,,,,,,,,,
,,,,,,,,,,,,
,,,,,,,,,,,,
,,,,,,,,,,,,
,,,,,,,,,,,,
,,,,,,,,,,,,
,,,,,,,,,,,,
,,,,,,,,,,,,
,,,,,,,,,,,,
,,,,,,,,,,,,
,,,,,,,,,,,,
,,,,,,,,,,,,
,,,,,,,,,,,,
,,,,,,,,,,,,
,,,,,,,,,,,,
,,,,,,,,,,,,
,,,,,,,,,,,,
,,,,,,,,,,,,
,,,,,,,,,,,,
,,,,,,,,,,,,
,,,,,,,,,,,,
,,,,,,,,,,,,
,,,,,,,,,,,,
,,,,,,,,,,,,
,,,,,,,,,,,,
,,,,,,,,,,,,
,,,,,,,,,,,,
,,,,,,,,,,,,
,,,,,,,,,,,,
,,,,,,,,,,,,
,,,,,,,,,,,,
,,,,,,,,,,,,
,,,,,,,,,,,,
,,,,,,,,,,,,
,,,,,,,,,,,,
,,,,,,,,,,,,
,,,,,,,,,,,,
,,,,,,,,,,,,
,,,,,,,,,,,,
